"Liquidacion","Tipo_Liquidacion","Especie","Recibo"
"","","CDTBCBS0V","1482637"
"","","CDTBCBS0V","1482637"
"","","CDTBCBS0V","1482637"
"","","CDTBCBS0V","1482637"
"","","CDTBCBS0V","1482637"
"","","CDTBCBS0V","1482637"
"","","CDTBCBS0V","1482637"
"","","CDTBCBS0V","1482637"
"","","CDTBCBS0V","1482637"
"","","CDTBCBS0V","1482637"
"","","CDTBCBS0V","1482637"
"","","CDTBCBS0V","1482637"
"118","C","BECO01109A30","1482192"
"118","C","BECO01109A30","1482192"
"118","C","BECO01109A30","1482192"
"118","C","BECO01109A30","1482192"
"118","C","BECO01109A30","1482192"
"118","C","BECO01109A30","1482192"
"81553","","CDTBBO90VD","1482635"
"81553","","CDTBBO90VD","1482635"
"81553","","CDTBBO90VD","1482635"
"81553","","CDTBBO90VD","1482635"
"81553","","CDTBBO90VD","1482635"
"81553","","CDTBBO90VD","1482635"
"81553","","CDTBBO90VD","1482635"
"81553","","CDTBBO90VD","1482635"
"81553","","CDTBBO90VD","1482635"
"81553","","CDTBBO90VD","1482635"
"81553","","CDTBBO90VD","1482635"
"81553","","CDTBBO90VD","1482635"
"81553","","CDTBBO90VD","1482635"
"81553","","CDTBBO90VD","1482635"
"81553","","CDTBBO90VD","1482635"
"81553","","CDTBBO90VD","1482635"
"81553","","CDTBBO90VD","1482635"
"81553","","CDTBBO90VD","1482635"
"81553","","CDTBBO90VD","1482669"
"81553","","CDTBBO90VD","1482669"
"81553","","CDTBBO90VD","1482669"
"81553","","CDTBBO90VD","1482669"
"81553","","CDTBBO90VD","1482669"
"81553","","CDTBBO90VD","1482669"
"81553","","CDTBBO90VD","1482669"
"81553","","CDTBBO90VD","1482669"
"81553","","CDTBBO90VD","1482669"
"81553","","CDTBBO90VD","1482669"
"81553","","CDTBBO90VD","1482669"
"81553","","CDTBBO90VD","1482669"
"81553","","CDTBBO90VD","1482669"
"81553","","CDTBBO90VD","1482669"
"81553","","CDTBBO90VD","1482669"
"81553","","CDTBBO90VD","1482669"
"81553","","CDTBBO90VD","1482669"
"81553","","CDTBBO90VD","1482669"
"81553","","CDTBBO90VD","1482669"
"81553","","CDTBBO90VD","1482669"
"81553","","CDTBBO90VD","1482669"
"81553","","CDTBBO90VD","1482669"
"81553","","CDTBBO90VD","1482669"
"81553","","CDTBBO90VD","1482669"
"81553","","CDTBBO90VD","1482669"
"81553","","CDTBBO90VD","1482669"
"81553","","CDTBBO90VD","1482669"
"81553","","CDTBBO90VD","1482669"
"81553","","CDTBBO90VD","1482669"
"81553","","CDTBBO90VD","1482669"
"81553","","CDTBBO90VD","1482669"
"81553","","CDTBBO90VD","1482669"
"81553","","CDTBBO90VD","1482669"
"81553","","CDTBBO90VD","1482669"
"81553","","CDTBBO90VD","1482669"
"81553","","CDTBBO90VD","1482669"
"81553","","CDTBBO90VD","1482669"
"81553","","CDTBBO90VD","1482669"
"81553","","CDTBBO90VD","1482669"
"81553","","CDTBBO90VD","1482669"
"81553","","CDTBBO90VD","1482669"
"81553","","CDTBBO90VD","1482669"
"81553","","CDTBBO90VD","1482669"
"81553","","CDTBBO90VD","1482669"
"81553","","CDTBBO90VD","1482669"
"81553","","CDTBBO90VD","1482669"
"81553","","CDTBBO90VD","1482669"
"81553","","CDTBBO90VD","1482669"
"81553","","CDTBBO90VD","1482669"
"81553","","CDTBBO90VD","1482669"
"81553","","CDTBBO90VD","1482669"
"81553","","CDTBBO90VD","1482669"
"81553","","CDTBBO90VD","1482669"
"81553","","CDTBBO90VD","1482669"
"81553","","CDTBBO90VD","1482669"
"81553","","CDTBBO90VD","1482669"
"81553","","CDTBBO90VD","1482669"
"81553","","CDTBBO90VD","1482669"
"81553","","CDTBBO90VD","1482669"
"81553","","CDTBBO90VD","1482669"
"81553","","CDTBBO90VD","1482669"
"81553","","CDTBBO90VD","1482669"
"81553","","CDTBBO90VD","1482669"
"81553","","CDTBBO90VD","1482669"
"81553","","CDTBBO90VD","1482669"
"81553","","CDTBBO90VD","1482669"
"81553","","CDTBBO90VD","1482669"
"81553","","CDTBBO90VD","1482669"
"81553","","CDTBBO90VD","1482669"
"81553","","CDTBBO90VD","1482669"
"81553","","CDTBBO90VD","1482669"
"81553","","CDTBBO90VD","1482669"
"81553","","CDTBBO90VD","1482669"
"81553","","CDTBBO90VD","1482669"
"81553","","CDTBBO90VD","1482669"
"81553","","CDTBBO90VD","1482669"
"81553","","CDTBBO90VD","1482669"
"81553","","CDTBBO90VD","1482669"
"81553","","CDTBBO90VD","1482669"
"81553","","CDTBBO90VD","1482671"
"81553","","CDTBBO90VD","1482671"
"81553","","CDTBBO90VD","1482671"
"81553","","CDTBBO90VD","1482671"
"81553","","CDTBBO90VD","1482671"
"81553","","CDTBBO90VD","1482671"
"81553","","CDTBBO90VD","1482671"
"81553","","CDTBBO90VD","1482671"
"81553","","CDTBBO90VD","1482671"
"81553","","CDTBBO90VD","1482671"
"81553","","CDTBBO90VD","1482671"
"81553","","CDTBBO90VD","1482671"
"81553","","CDTBBO90VD","1482671"
"81553","","CDTBBO90VD","1482671"
"81553","","CDTBBO90VD","1482671"
"81553","","CDTBBO90VD","1482671"
"81553","","CDTBBO90VD","1482671"
"81553","","CDTBBO90VD","1482671"
"81553","","CDTBBO90VD","1482671"
"81553","","CDTBBO90VD","1482671"
"81553","","CDTBBO90VD","1482671"
"81553","","CDTBBO90VD","1482671"
"81553","","CDTBBO90VD","1482671"
"81553","","CDTBBO90VD","1482671"
"81553","","CDTBBO90VD","1482671"
"81553","","CDTBBO90VD","1482671"
"81553","","CDTBBO90VD","1482671"
"81553","","CDTBBO90VD","1482671"
"81553","","CDTBBO90VD","1482671"
"81553","","CDTBBO90VD","1482671"
"81553","","CDTBBO90VD","1482671"
"81553","","CDTBBO90VD","1482671"
"81553","","CDTBBO90VD","1482671"
"81553","","CDTBBO90VD","1482671"
"81553","","CDTBBO90VD","1482671"
"81553","","CDTBBO90VD","1482671"
"81553","","CDTBBO90VD","1482671"
"81553","","CDTBBO90VD","1482671"
"81553","","CDTBBO90VD","1482671"
"81553","","CDTBBO90VD","1482671"
"81553","","CDTBBO90VD","1482671"
"81553","","CDTBBO90VD","1482671"
"81553","","CDTBBO90VD","1482671"
"81553","","CDTBBO90VD","1482671"
"81553","","CDTBBO90VD","1482671"
"81553","","CDTBBO90VD","1482671"
"81553","","CDTBBO90VD","1482671"
"81553","","CDTBBO90VD","1482671"
"81553","","CDTBBO90VD","1482671"
"81553","","CDTBBO90VD","1482671"
"81553","","CDTBBO90VD","1482671"
"81553","","CDTBBO90VD","1482671"
"81553","","CDTBBO90VD","1482671"
"81553","","CDTBBO90VD","1482671"
"81553","","CDTBBO90VD","1482671"
"81553","","CDTBBO90VD","1482671"
"81553","","CDTBBO90VD","1482671"
"81553","","CDTBBO90VD","1482671"
"81553","","CDTBBO90VD","1482671"
"81553","","CDTBBO90VD","1482671"
"81553","","CDTBBO90VD","1482671"
"81553","","CDTBBO90VD","1482671"
"81553","","CDTBBO90VD","1482671"
"81553","","CDTBBO90VD","1482671"
"81553","","CDTBBO90VD","1482671"
"81553","","CDTBBO90VD","1482671"
"81553","","CDTBBO90VD","1482671"
"81553","","CDTBBO90VD","1482671"
"81553","","CDTBBO90VD","1482671"
"81553","","CDTBBO90VD","1482671"
"81553","","CDTBBO90VD","1482671"
"81553","","CDTBBO90VD","1482671"
"81553","","CDTBBO90VD","1482671"
"81553","","CDTBBO90VD","1482672"
"81553","","CDTBBO90VD","1482672"
"81553","","CDTBBO90VD","1482672"
"81553","","CDTBBO90VD","1482672"
"81553","","CDTBBO90VD","1482672"
"81553","","CDTBBO90VD","1482672"
"81553","","CDTBBO90VD","1482672"
"81553","","CDTBBO90VD","1482672"
"81553","","CDTBBO90VD","1482672"
"81553","","CDTBBO90VD","1482672"
"81553","","CDTBBO90VD","1482672"
"81553","","CDTBBO90VD","1482672"
"81553","","CDTBBO90VD","1482672"
"81553","","CDTBBO90VD","1482672"
"81553","","CDTBBO90VD","1482672"
"81553","","CDTBBO90VD","1482672"
"81553","","CDTBBO90VD","1482672"
"81553","","CDTBBO90VD","1482672"
"81553","","CDTBBO90VD","1482672"
"81553","","CDTBBO90VD","1482672"
"81553","","CDTBBO90VD","1482672"
"81553","","CDTBBO90VD","1482672"
"81553","","CDTBBO90VD","1482672"
"81553","","CDTBBO90VD","1482672"
"81553","","CDTBBO90VD","1482672"
"81553","","CDTBBO90VD","1482672"
"81553","","CDTBBO90VD","1482672"
"81553","","CDTBBO90VD","1482672"
"81553","","CDTBBO90VD","1482672"
"81553","","CDTBBO90VD","1482672"
"81553","","CDTBBO90VD","1482672"
"81553","","CDTBBO90VD","1482672"
"81553","","CDTBBO90VD","1482672"
"81553","","CDTBBO90VD","1482672"
"81553","","CDTBBO90VD","1482672"
"81553","","CDTBBO90VD","1482672"
"81553","","CDTBBO90VD","1482672"
"81553","","CDTBBO90VD","1482672"
"81553","","CDTBBO90VD","1482672"
"81553","","CDTBBO90VD","1482672"
"81553","","CDTBBO90VD","1482672"
"81553","","CDTBBO90VD","1482672"
"81553","","CDTBBO90VD","1482672"
"81553","","CDTBBO90VD","1482672"
"81553","","CDTBBO90VD","1482672"
"81553","","CDTBBO90VD","1482672"
"81553","","CDTBBO90VD","1482672"
"81553","","CDTBBO90VD","1482672"
"81553","","CDTBBO90VD","1482672"
"81553","","CDTBBO90VD","1482672"
"81553","","CDTBBO90VD","1482672"
"81553","","CDTBBO90VD","1482672"
"81553","","CDTBBO90VD","1482672"
"81553","","CDTBBO90VD","1482672"
"81553","","CDTBBO90VD","1482672"
"81553","","CDTBBO90VD","1482672"
"81553","","CDTBBO90VD","1482672"
"81553","","CDTBBO90VD","1482672"
"81553","","CDTBBO90VD","1482672"
"81553","","CDTBBO90VD","1482672"
"81553","","CDTBBO90VD","1482672"
"81553","","CDTBBO90VD","1482672"
"81553","","CDTBBO90VD","1482672"
"81553","","CDTBBO90VD","1482672"
"81553","","CDTBBO90VD","1482672"
"81553","","CDTBBO90VD","1482672"
"81553","","CDTBBO90VD","1482672"
"81553","","CDTBBO90VD","1482674"
"81553","","CDTBBO90VD","1482674"
"81553","","CDTBBO90VD","1482674"
"81553","","CDTBBO90VD","1482674"
"81553","","CDTBBO90VD","1482674"
"81553","","CDTBBO90VD","1482674"
"81553","","CDTBBO90VD","1482674"
"81553","","CDTBBO90VD","1482674"
"81553","","CDTBBO90VD","1482674"
"81553","","CDTBBO90VD","1482674"
"81553","","CDTBBO90VD","1482674"
"81553","","CDTBBO90VD","1482674"
"81553","","CDTBBO90VD","1482674"
"81553","","CDTBBO90VD","1482674"
"81553","","CDTBBO90VD","1482674"
"81553","","CDTBBO90VD","1482674"
"81553","","CDTBBO90VD","1482674"
"81553","","CDTBBO90VD","1482674"
"81553","","CDTBBO90VD","1482674"
"81553","","CDTBBO90VD","1482674"
"81553","","CDTBBO90VD","1482674"
"81553","","CDTBBO90VD","1482674"
"81553","","CDTBBO90VD","1482674"
"81553","","CDTBBO90VD","1482674"
"81553","","CDTBBO90VD","1482674"
"81553","","CDTBBO90VD","1482674"
"81553","","CDTBBO90VD","1482674"
"81553","","CDTBBO90VD","1482674"
"81553","","CDTBBO90VD","1482674"
"81553","","CDTBBO90VD","1482674"
"81553","","CDTBBO90VD","1482674"
"81553","","CDTBBO90VD","1482674"
"81553","","CDTBBO90VD","1482674"
"81553","","CDTBBO90VD","1482674"
"81553","","CDTBBO90VD","1482674"
"81553","","CDTBBO90VD","1482674"
"81553","","CDTBBO90VD","1482674"
"81553","","CDTBBO90VD","1482674"
"81553","","CDTBBO90VD","1482674"
"81553","","CDTBBO90VD","1482674"
"81553","","CDTBBO90VD","1482674"
"81553","","CDTBBO90VD","1482674"
"81553","","CDTBBO90VD","1482674"
"81553","","CDTBBO90VD","1482674"
"81553","","CDTBBO90VD","1482674"
"81553","","CDTBBO90VD","1482674"
"81553","","CDTBBO90VD","1482674"
"81553","","CDTBBO90VD","1482674"
"81553","","CDTBBO90VD","1482674"
"81553","","CDTBBO90VD","1482674"
"81553","","CDTBBO90VD","1482674"
"81553","","CDTBBO90VD","1482674"
"81553","","CDTBBO90VD","1482674"
"81553","","CDTBBO90VD","1482674"
"81553","","CDTBBO90VD","1482674"
"81553","","CDTBBO90VD","1482674"
"81553","","CDTBBO90VD","1482674"
"81553","","CDTBBO90VD","1482674"
"81553","","CDTBBO90VD","1482674"
"81553","","CDTBBO90VD","1482674"
"81553","","CDTBBO90VD","1482674"
"81553","","CDTBBO90VD","1482675"
"81553","","CDTBBO90VD","1482675"
"81553","","CDTBBO90VD","1482675"
"81553","","CDTBBO90VD","1482675"
"81553","","CDTBBO90VD","1482675"
"81553","","CDTBBO90VD","1482675"
"81553","","CDTBBO90VD","1482675"
"81553","","CDTBBO90VD","1482675"
"81553","","CDTBBO90VD","1482675"
"81553","","CDTBBO90VD","1482675"
"81553","","CDTBBO90VD","1482675"
"81553","","CDTBBO90VD","1482675"
"81553","","CDTBBO90VD","1482675"
"81553","","CDTBBO90VD","1482675"
"81553","","CDTBBO90VD","1482675"
"81553","","CDTBBO90VD","1482675"
"81553","","CDTBBO90VD","1482675"
"81553","","CDTBBO90VD","1482675"
"81553","","CDTBBO90VD","1482675"
"81553","","CDTBBO90VD","1482675"
"81553","","CDTBBO90VD","1482675"
"81553","","CDTBBO90VD","1482675"
"81553","","CDTBBO90VD","1482675"
"81553","","CDTBBO90VD","1482675"
"81553","","CDTBBO90VD","1482675"
"81553","","CDTBBO90VD","1482675"
"81553","","CDTBBO90VD","1482675"
"81553","","CDTBBO90VD","1482675"
"81553","","CDTBBO90VD","1482675"
"81553","","CDTBBO90VD","1482675"
"81553","","CDTBBO90VD","1482675"
"81553","","CDTBBO90VD","1482675"
"81553","","CDTBBO90VD","1482675"
"81553","","CDTBBO90VD","1482675"
"81553","","CDTBBO90VD","1482675"
"81553","","CDTBBO90VD","1482675"
"81553","","CDTBBO90VD","1482675"
"81553","","CDTBBO90VD","1482675"
"81553","","CDTBBO90VD","1482675"
"81553","","CDTBBO90VD","1482675"
"81553","","CDTBBO90VD","1482675"
"81553","","CDTBBO90VD","1482675"
"81553","","CDTBBO90VD","1482675"
"81553","","CDTBBO90VD","1482675"
"81553","","CDTBBO90VD","1482675"
"81553","","CDTBBO90VD","1482675"
"81553","","CDTBBO90VD","1482675"
"81553","","CDTBBO90VD","1482675"
"81553","","CDTBBO90VD","1482675"
"81553","","CDTBBO90VD","1482675"
"81553","","CDTBBO90VD","1482675"
"81553","","CDTBBO90VD","1482675"
"81553","","CDTBBO90VD","1482675"
"81553","","CDTBBO90VD","1482675"
"81553","","CDTBBO90VD","1482675"
"81553","","CDTBBO90VD","1482676"
"81553","","CDTBBO90VD","1482676"
"81553","","CDTBBO90VD","1482676"
"81553","","CDTBBO90VD","1482676"
"81553","","CDTBBO90VD","1482676"
"81553","","CDTBBO90VD","1482676"
"81553","","CDTBBO90VD","1482676"
"81553","","CDTBBO90VD","1482676"
"81553","","CDTBBO90VD","1482676"
"81553","","CDTBBO90VD","1482676"
"81553","","CDTBBO90VD","1482676"
"81553","","CDTBBO90VD","1482676"
"81553","","CDTBBO90VD","1482676"
"81553","","CDTBBO90VD","1482676"
"81553","","CDTBBO90VD","1482676"
"81553","","CDTBBO90VD","1482676"
"81553","","CDTBBO90VD","1482676"
"81553","","CDTBBO90VD","1482676"
"81553","","CDTBBO90VD","1482676"
"81553","","CDTBBO90VD","1482676"
"81553","","CDTBBO90VD","1482676"
"81553","","CDTBBO90VD","1482676"
"81553","","CDTBBO90VD","1482676"
"81553","","CDTBBO90VD","1482676"
"81553","","CDTBBO90VD","1482676"
"81553","","CDTBBO90VD","1482676"
"81553","","CDTBBO90VD","1482676"
"81553","","CDTBBO90VD","1482676"
"81553","","CDTBBO90VD","1482676"
"81553","","CDTBBO90VD","1482676"
"81553","","CDTBBO90VD","1482676"
"81553","","CDTBBO90VD","1482676"
"81553","","CDTBBO90VD","1482676"
"81553","","CDTBBO90VD","1482676"
"81553","","CDTBBO90VD","1482676"
"81553","","CDTBBO90VD","1482676"
"81553","","CDTBBO90VD","1482676"
"81553","","CDTBBO90VD","1482676"
"81553","","CDTBBO90VD","1482676"
"81553","","CDTBBO90VD","1482676"
"81553","","CDTBBO90VD","1482676"
"81553","","CDTBBO90VD","1482676"
"81553","","CDTBBO90VD","1482676"
"81553","","CDTBBO90VD","1482676"
"81553","","CDTBBO90VD","1482676"
"81553","","CDTBBO90VD","1482676"
"81553","","CDTBBO90VD","1482676"
"81553","","CDTBBO90VD","1482676"
"81553","","CDTBBO90VD","1482676"
"81553","","CDTBBO90VD","1482678"
"81553","","CDTBBO90VD","1482678"
"81553","","CDTBBO90VD","1482678"
"81553","","CDTBBO90VD","1482678"
"81553","","CDTBBO90VD","1482678"
"81553","","CDTBBO90VD","1482678"
"81553","","CDTBBO90VD","1482678"
"81553","","CDTBBO90VD","1482678"
"81553","","CDTBBO90VD","1482678"
"81553","","CDTBBO90VD","1482678"
"81553","","CDTBBO90VD","1482678"
"81553","","CDTBBO90VD","1482678"
"81553","","CDTBBO90VD","1482678"
"81553","","CDTBBO90VD","1482678"
"81553","","CDTBBO90VD","1482678"
"81553","","CDTBBO90VD","1482678"
"81553","","CDTBBO90VD","1482678"
"81553","","CDTBBO90VD","1482678"
"81553","","CDTBBO90VD","1482678"
"81553","","CDTBBO90VD","1482678"
"81553","","CDTBBO90VD","1482678"
"81553","","CDTBBO90VD","1482678"
"81553","","CDTBBO90VD","1482678"
"81553","","CDTBBO90VD","1482678"
"81553","","CDTBBO90VD","1482678"
"81553","","CDTBBO90VD","1482678"
"81553","","CDTBBO90VD","1482678"
"81553","","CDTBBO90VD","1482678"
"81553","","CDTBBO90VD","1482678"
"81553","","CDTBBO90VD","1482678"
"81553","","CDTBBO90VD","1482678"
"81553","","CDTBBO90VD","1482678"
"81553","","CDTBBO90VD","1482678"
"81553","","CDTBBO90VD","1482678"
"81553","","CDTBBO90VD","1482678"
"81553","","CDTBBO90VD","1482678"
"81553","","CDTBBO90VD","1482678"
"81553","","CDTBBO90VD","1482678"
"81553","","CDTBBO90VD","1482678"
"81553","","CDTBBO90VD","1482678"
"81553","","CDTBBO90VD","1482678"
"81553","","CDTBBO90VD","1482678"
"81553","","CDTBBO90VD","1482678"
"81553","","CDTBBO90VD","1482680"
"81553","","CDTBBO90VD","1482680"
"81553","","CDTBBO90VD","1482680"
"81553","","CDTBBO90VD","1482680"
"81553","","CDTBBO90VD","1482680"
"81553","","CDTBBO90VD","1482680"
"81553","","CDTBBO90VD","1482680"
"81553","","CDTBBO90VD","1482680"
"81553","","CDTBBO90VD","1482680"
"81553","","CDTBBO90VD","1482680"
"81553","","CDTBBO90VD","1482680"
"81553","","CDTBBO90VD","1482680"
"81553","","CDTBBO90VD","1482680"
"81553","","CDTBBO90VD","1482680"
"81553","","CDTBBO90VD","1482680"
"81553","","CDTBBO90VD","1482680"
"81553","","CDTBBO90VD","1482680"
"81553","","CDTBBO90VD","1482680"
"81553","","CDTBBO90VD","1482680"
"81553","","CDTBBO90VD","1482680"
"81553","","CDTBBO90VD","1482680"
"81553","","CDTBBO90VD","1482680"
"81553","","CDTBBO90VD","1482680"
"81553","","CDTBBO90VD","1482680"
"81553","","CDTBBO90VD","1482680"
"81553","","CDTBBO90VD","1482680"
"81553","","CDTBBO90VD","1482680"
"81553","","CDTBBO90VD","1482680"
"81553","","CDTBBO90VD","1482680"
"81553","","CDTBBO90VD","1482680"
"81553","","CDTBBO90VD","1482680"
"81553","","CDTBBO90VD","1482680"
"81553","","CDTBBO90VD","1482680"
"81553","","CDTBBO90VD","1482680"
"81553","","CDTBBO90VD","1482680"
"81553","","CDTBBO90VD","1482680"
"81553","","CDTBBO90VD","1482680"
"81553","","CDTBBO90VD","1482682"
"81553","","CDTBBO90VD","1482682"
"81553","","CDTBBO90VD","1482682"
"81553","","CDTBBO90VD","1482682"
"81553","","CDTBBO90VD","1482682"
"81553","","CDTBBO90VD","1482682"
"81553","","CDTBBO90VD","1482682"
"81553","","CDTBBO90VD","1482682"
"81553","","CDTBBO90VD","1482682"
"81553","","CDTBBO90VD","1482682"
"81553","","CDTBBO90VD","1482682"
"81553","","CDTBBO90VD","1482682"
"81553","","CDTBBO90VD","1482682"
"81553","","CDTBBO90VD","1482682"
"81553","","CDTBBO90VD","1482682"
"81553","","CDTBBO90VD","1482682"
"81553","","CDTBBO90VD","1482682"
"81553","","CDTBBO90VD","1482682"
"81553","","CDTBBO90VD","1482682"
"81553","","CDTBBO90VD","1482682"
"81553","","CDTBBO90VD","1482682"
"81553","","CDTBBO90VD","1482682"
"81553","","CDTBBO90VD","1482682"
"81553","","CDTBBO90VD","1482682"
"81553","","CDTBBO90VD","1482682"
"81553","","CDTBBO90VD","1482682"
"81553","","CDTBBO90VD","1482682"
"81553","","CDTBBO90VD","1482682"
"81553","","CDTBBO90VD","1482682"
"81553","","CDTBBO90VD","1482682"
"81553","","CDTBBO90VD","1482682"
"81553","","CDTBBO90VD","1482684"
"81553","","CDTBBO90VD","1482684"
"81553","","CDTBBO90VD","1482684"
"81553","","CDTBBO90VD","1482684"
"81553","","CDTBBO90VD","1482684"
"81553","","CDTBBO90VD","1482684"
"81553","","CDTBBO90VD","1482684"
"81553","","CDTBBO90VD","1482684"
"81553","","CDTBBO90VD","1482684"
"81553","","CDTBBO90VD","1482684"
"81553","","CDTBBO90VD","1482684"
"81553","","CDTBBO90VD","1482684"
"81553","","CDTBBO90VD","1482684"
"81553","","CDTBBO90VD","1482684"
"81553","","CDTBBO90VD","1482684"
"81553","","CDTBBO90VD","1482684"
"81553","","CDTBBO90VD","1482684"
"81553","","CDTBBO90VD","1482684"
"81553","","CDTBBO90VD","1482684"
"81553","","CDTBBO90VD","1482684"
"81553","","CDTBBO90VD","1482684"
"81553","","CDTBBO90VD","1482684"
"81553","","CDTBBO90VD","1482684"
"81553","","CDTBBO90VD","1482684"
"81553","","CDTBBO90VD","1482684"
"81553","","CDTBBO90VD","1482686"
"81553","","CDTBBO90VD","1482686"
"81553","","CDTBBO90VD","1482686"
"81553","","CDTBBO90VD","1482686"
"81553","","CDTBBO90VD","1482686"
"81553","","CDTBBO90VD","1482686"
"81553","","CDTBBO90VD","1482686"
"81553","","CDTBBO90VD","1482686"
"81553","","CDTBBO90VD","1482686"
"81553","","CDTBBO90VD","1482686"
"81553","","CDTBBO90VD","1482686"
"81553","","CDTBBO90VD","1482686"
"81553","","CDTBBO90VD","1482686"
"81553","","CDTBBO90VD","1482686"
"81553","","CDTBBO90VD","1482686"
"81553","","CDTBBO90VD","1482686"
"81553","","CDTBBO90VD","1482686"
"81553","","CDTBBO90VD","1482686"
"81553","","CDTBBO90VD","1482686"
"81553","","CDTBBO90VD","1482688"
"81553","","CDTBBO90VD","1482688"
"81553","","CDTBBO90VD","1482688"
"81553","","CDTBBO90VD","1482688"
"81553","","CDTBBO90VD","1482688"
"81553","","CDTBBO90VD","1482688"
"81553","","CDTBBO90VD","1482688"
"81553","","CDTBBO90VD","1482688"
"81553","","CDTBBO90VD","1482688"
"81553","","CDTBBO90VD","1482688"
"81553","","CDTBBO90VD","1482688"
"81553","","CDTBBO90VD","1482688"
"81553","","CDTBBO90VD","1482688"
"81553","","CDTBBO90VD","1482690"
"81553","","CDTBBO90VD","1482690"
"81553","","CDTBBO90VD","1482690"
"81553","","CDTBBO90VD","1482690"
"81553","","CDTBBO90VD","1482690"
"81553","","CDTBBO90VD","1482690"
"81553","","CDTBBO90VD","1482690"
"81553","","CDTBBO90VD","1482690"
"81553","","CDTBBO90VD","1482690"
"81553","","CDTBBO90VD","1482690"
"81553","","CDTBBO90VD","1482690"
"81553","","CDTBBO90VD","1482690"
"81553","","CDTBBO90VD","1482690"
"81553","","ECOPETROL","1482692"
"81553","","ECOPETROL","1482692"
"81553","","ECOPETROL","1482692"
"81553","","ECOPETROL","1482692"
"81553","","ECOPETROL","1482692"
"81553","","ECOPETROL","1482692"
"81553","","ECOPETROL","1482692"
"81553","","CDTBBO90VD","1482694"
"81553","","CDTBBO90VD","1482694"
"81553","","CDTBBO90VD","1482694"
"81553","","CDTBBO90VD","1482694"
"81553","","CDTBBO90VD","1482694"
"81553","","CDTBBO90VD","1482694"
"81553","","CDTBBO90VD","1482694"
"81553","","CDTBBO90VD","1482694"
"81553","","CDTBBO90VD","1482694"
"81553","","CDTBBO90VD","1482694"
"81553","","CDTBBO90VD","1482694"
"81553","","CDTBBO90VD","1482694"
"81553","","CDTBBO90VD","1482694"
"81553","","CDTBBO90VD","1482696"
"81553","","CDTBBO90VD","1482696"
"81553","","CDTBBO90VD","1482696"
"81553","","CDTBBO90VD","1482696"
"81553","","CDTBBO90VD","1482696"
"81553","","CDTBBO90VD","1482696"
"81553","","CDTBBO90VD","1482696"
"81553","","CDTBBO90VD","1482696"
"81553","","CDTBBO90VD","1482696"
"81553","","CDTBBO90VD","1482696"
"81553","","CDTBBO90VD","1482696"
"81553","","CDTBBO90VD","1482696"
"81553","","CDTBBO90VD","1482696"
"81553","","CDTBBO90VD","1482699"
"81553","","CDTBBO90VD","1482699"
"81553","","CDTBBO90VD","1482699"
"81553","","CDTBBO90VD","1482699"
"81553","","CDTBBO90VD","1482699"
"81553","","CDTBBO90VD","1482699"
"81553","","CDTBBO90VD","1482699"
"81553","","CDTBBO90VD","1482699"
"81553","","CDTBBO90VD","1482699"
"81553","","CDTBBO90VD","1482699"
"81553","","CDTBBO90VD","1482699"
"81553","","CDTBBO90VD","1482699"
"81553","","CDTBBO90VD","1482699"
"81553","","CDTBBO90VD","1482699"
"81553","","CDTBBO90VD","1482699"
"81553","","CDTBBO90VD","1482699"
"81553","","CDTBBO90VD","1482699"
"81553","","CDTBBO90VD","1482699"
"81553","","CDTBBO90VD","1482699"
"81553","","CDTBBO90VD","1482699"
"81553","","CDTBBO90VD","1482699"
"81553","","CDTBBO90VD","1482699"
"81553","","CDTBBO90VD","1482699"
"81553","","CDTBBO90VD","1482699"
"81553","","CDTBBO90VD","1482699"
"81553","","CDTBBO90VD","1482699"
"81553","","CDTBBO90VD","1482699"
"81553","","CDTBBO90VD","1482699"
"81553","","CDTBBO90VD","1482699"
"81553","","CDTBBO90VD","1482699"
"81553","","CDTBBO90VD","1482699"
"81553","","CDTBBO90VD","1482699"
"81553","","CDTBBO90VD","1482699"
"81553","","CDTBBO90VD","1482699"
"81553","","CDTBBO90VD","1482699"
"81553","","CDTBBO90VD","1482699"
"81553","","CDTBBO90VD","1482699"
"81553","","CDTBBO90VD","1482706"
"81553","","CDTBBO90VD","1482706"
"81553","","CDTBBO90VD","1482706"
"81553","","CDTBBO90VD","1482706"
"81553","","CDTBBO90VD","1482706"
"81553","","CDTBBO90VD","1482706"
"81553","","CDTBBO90VD","1482706"
"81553","","CDTBBO90VD","1482706"
"81553","","CDTBBO90VD","1482706"
"81553","","CDTBBO90VD","1482706"
"81553","","CDTBBO90VD","1482706"
"81553","","CDTBBO90VD","1482706"
"81553","","CDTBBO90VD","1482706"
"81553","","CDTBBO90VD","1482705"
"81553","","CDTBBO90VD","1482705"
"81553","","CDTBBO90VD","1482705"
"81553","","CDTBBO90VD","1482705"
"81553","","CDTBBO90VD","1482705"
"81553","","CDTBBO90VD","1482705"
"81553","","CDTBBO90VD","1482705"
"81553","","CDTBBO90VD","1482705"
"81553","","CDTBBO90VD","1482705"
"81553","","CDTBBO90VD","1482705"
"81553","","CDTBBO90VD","1482705"
"81553","","CDTBBO90VD","1482705"
"81553","","CDTBBO90VD","1482705"
"81553","","CDTBBO90VD","1482705"
"81553","","CDTBBO90VD","1482705"
"81553","","CDTBBO90VD","1482705"
"81553","","CDTBBO90VD","1482705"
"81553","","CDTBBO90VD","1482705"
"81553","","CDTBBO90VD","1482705"
"81553","","CDTBBO90VD","1482705"
"81553","","CDTBBO90VD","1482705"
"81553","","CDTBBO90VD","1482705"
"81553","","CDTBBO90VD","1482705"
"81553","","CDTBBO90VD","1482705"
"81553","","CDTBBO90VD","1482705"
"81553","","CDTBBO90VD","1482705"
"81553","","CDTBBO90VD","1482706"
"81553","","CDTBBO90VD","1482706"
"81553","","CDTBBO90VD","1482706"
"81553","","CDTBBO90VD","1482706"
"81553","","CDTBBO90VD","1482706"
"81553","","CDTBBO90VD","1482706"
"81553","","CDTBBO90VD","1482706"
"81553","","CDTBBO90VD","1482706"
"81553","","CDTBBO90VD","1482706"
"81553","","CDTBBO90VD","1482706"
"81553","","CDTBBO90VD","1482706"
"81553","","CDTBBO90VD","1482706"
"81553","","CDTBBO90VD","1482706"
"81553","","CDTBBO90VD","1482706"
"81553","","CDTBBO90VD","1482706"
"81553","","CDTBBO90VD","1482706"
"81553","","CDTBBO90VD","1482706"
"81553","","CDTBBO90VD","1482706"
"81553","","CDTBBO90VD","1482706"
"81553","","CDTBBO90VD","1482706"
"81553","","CDTBBO90VD","1482706"
"81553","","CDTBBO90VD","1482706"
"81553","","CDTBBO90VD","1482706"
"81553","","CDTBBO90VD","1482706"
"81553","","CDTBBO90VD","1482706"
"81553","","CDTBBO90VD","1482706"
"81553","","CDTBBO90VD","1482706"
"81553","","CDTBBO90VD","1482706"
"81553","","CDTBBO90VD","1482706"
"81553","","CDTBBO90VD","1482706"
"81553","","CDTBBO90VD","1482706"
"81553","","CDTBBO90VD","1482706"
"81553","","CDTBBO90VD","1482706"
"81553","","CDTBBO90VD","1482706"
"81553","","CDTBBO90VD","1482706"
"81553","","CDTBBO90VD","1482706"
"81553","","CDTBBO90VD","1482706"
"81553","","CDTBBO90VD","1482706"
"81553","","CDTBBO90VD","1482706"
"81553","","CDTBBO90VD","1482706"
"81553","","CDTBBO90VD","1482706"
"81553","","CDTBBO90VD","1482706"
"81553","","CDTBBO90VD","1482706"
"81553","","CDTBBO90VD","1482706"
"81553","","CDTBBO90VD","1482706"
"81553","","CDTBBO90VD","1482706"
"81553","","CDTBBO90VD","1482706"
"81553","","CDTBBO90VD","1482706"
"81553","","CDTBBO90VD","1482706"
"81553","","CDTBBO90VD","1482706"
"81553","","CDTBBO90VD","1482706"
"81553","","CDTBBO90VD","1482706"
"81553","","CDTBBO90VD","1482706"
"81553","","CDTBBO90VD","1482706"
"81553","","CDTBBO90VD","1482706"
"81553","","CDTBBO90VD","1482706"
"81553","","CDTBBO90VD","1482706"
"81553","","CDTBBO90VD","1482706"
"81553","","CDTBBO90VD","1482706"
"81553","","CDTBBO90VD","1482706"
"81553","","CDTBBO90VD","1482706"
"81553","","CDTBBO90VD","1482706"
"81553","","CDTBBO90VD","1482706"
"81553","","CDTBBO90VD","1482706"
"81553","","CDTBBO90VD","1482706"
"81553","","CDTBBO90VD","1482706"
"81553","","CDTBBO90VD","1482706"
"81553","","CDTBBO90VD","1482706"
"81553","","CDTBBO90VD","1482706"
"81553","","CDTBBO90VD","1482706"
"81553","","CDTBBO90VD","1482706"
"81553","","CDTBBO90VD","1482706"
"81553","","CDTBBO90VD","1482706"
"81553","","CDTBBO90VD","1482706"
"81553","","CDTBBO90VD","1482706"
"81553","","CDTBBO90VD","1482706"
"81553","","CDTBBO90VD","1482706"
"81553","","CDTBBO90VD","1482706"
"81553","","CDTBBO90VD","1482706"
"81553","","CDTBBO90VD","1482706"
"81553","","CDTBBO90VD","1482706"
"81553","","CDTBBO90VD","1482706"
"81553","","CDTBBO90VD","1482706"
"81553","","CDTBBO90VD","1482706"
"81553","","CDTBBO90VD","1482706"
"81553","","CDTBBO90VD","1482706"
"81553","","CDTBBO90VD","1482706"
"81553","","CDTBBO90VD","1482706"
"81553","","CDTBBO90VD","1482706"
"81553","","CDTBBO90VD","1482706"
"81553","","CDTBBO90VD","1482706"
"81553","","CDTBBO90VD","1482706"
"81553","","CDTBBO90VD","1482706"
"81553","","CDTBBO90VD","1482706"
"81553","","CDTBBO90VD","1482706"
"81553","","CDTBBO90VD","1482706"
"81553","","ECOPETROL","1482708"
"81553","","ECOPETROL","1482708"
"81553","","ECOPETROL","1482708"
"81553","","ECOPETROL","1482708"
"81553","","ECOPETROL","1482708"
"81553","","ECOPETROL","1482708"
"81553","","ECOPETROL","1482708"
"81553","","ECOPETROL","1482708"
"81553","","ECOPETROL","1482708"
"81553","","ECOPETROL","1482708"
"81553","","ECOPETROL","1482708"
"81553","","ECOPETROL","1482708"
"81553","","ECOPETROL","1482708"
"81553","","ECOPETROL","1482708"
"81553","","ECOPETROL","1482708"
"81553","","ECOPETROL","1482708"
"81553","","ECOPETROL","1482708"
"81553","","ECOPETROL","1482708"
"81553","","ECOPETROL","1482708"
"81553","","ECOPETROL","1482708"
"81553","","ECOPETROL","1482708"
"81553","","ECOPETROL","1482708"
"81553","","ECOPETROL","1482708"
"81553","","ECOPETROL","1482708"
"81553","","ECOPETROL","1482708"
"81553","","ECOPETROL","1482708"
"81553","","ECOPETROL","1482708"
"81553","","ECOPETROL","1482708"
"81553","","ECOPETROL","1482708"
"81553","","ECOPETROL","1482708"
"81553","","ECOPETROL","1482708"
"81553","","ECOPETROL","1482708"
"81553","","ECOPETROL","1482708"
"81553","","ECOPETROL","1482708"
"81553","","ECOPETROL","1482708"
"81553","","ECOPETROL","1482708"
"81553","","ECOPETROL","1482708"
"81553","","ECOPETROL","1482708"
"81553","","ECOPETROL","1482708"
"81553","","ECOPETROL","1482708"
"81553","","ECOPETROL","1482708"
"81553","","ECOPETROL","1482708"
"81553","","TFIT15240720","1482709"
"81553","","TFIT15240720","1482709"
"81553","","TFIT15240720","1482709"
"81553","","TFIT15240720","1482709"
"81553","","TFIT15240720","1482709"
"81553","","TFIT15240720","1482709"
"81553","","TFIT15240720","1482709"
"81553","","TFIT15240720","1482709"
"81553","","TFIT15240720","1482709"
"81553","","TFIT15240720","1482709"
"81553","","TFIT15240720","1482709"
"81553","","TFIT15240720","1482709"
"81553","","TFIT15240720","1482709"
"81553","","TFIT15240720","1482709"
"81553","","TFIT15240720","1482709"
"81553","","TFIT15240720","1482709"
"81553","","TFIT15240720","1482709"
"81553","","TFIT15240720","1482709"
"81553","","TFIT15240720","1482709"
"81553","","TFIT15240720","1482709"
"81553","","TFIT15240720","1482709"
"81553","","TFIT15240720","1482709"
"81553","","TFIT15240720","1482709"
"81553","","TFIT15240720","1482709"
"81553","","TFIT15240720","1482709"
"81553","","TFIT15240720","1482709"
"81553","","TFIT15240720","1482709"
"81553","","TFIT15240720","1482709"
"81553","","TFIT15240720","1482709"
"81553","","TFIT15240720","1482709"
"81553","","TFIT15240720","1482709"
"81553","","TFIT15240720","1482709"
"81553","","TFIT15240720","1482709"
"81553","","TFIT15240720","1482709"
"81553","","TFIT15240720","1482709"
"81553","","TFIT15240720","1482709"
"81553","","TFIT15240720","1482709"
"81553","","TFIT15240720","1482709"
"81553","","TFIT15240720","1482709"
"81553","","TFIT15240720","1482709"
"81553","","TFIT15240720","1482709"
"81553","","TFIT15240720","1482709"
"81553","","TFIT15240720","1482709"
"81553","","TFIT15240720","1482709"
"81553","","TFIT15240720","1482709"
"81553","","TFIT15240720","1482709"
"81553","","TFIT15240720","1482709"
"81553","","TFIT15240720","1482709"
"81553","","TFIT15240720","1482709"
"81553","","TFIT15240720","1482709"
"81553","","TFIT15240720","1482709"
"81553","","TFIT15240720","1482709"
"81553","","TFIT15240720","1482709"
"81553","","TFIT15240720","1482709"
"81553","","TFIT15240720","1482709"
"81553","","ETB","1482712"
"81553","","ETB","1482712"
"81553","","ETB","1482712"
"81553","","ETB","1482712"
"81553","","ETB","1482712"
"81553","","ETB","1482712"
"81553","","ETB","1482712"
"81553","","ETB","1482712"
"81553","","ETB","1482712"
"81553","","ETB","1482712"
"81553","","ETB","1482712"
"81553","","ETB","1482712"
"81553","","ETB","1482712"
"81553","","ETB","1482712"
"81553","","ETB","1482712"
"81553","","ETB","1482712"
"81553","","ETB","1482712"
"81553","","ETB","1482712"
"81553","","TFIT15240720","1482713"
"82852","","TFIT06140514","1482634"
"82852","","TFIT06140514","1482634"
"82852","","TFIT06140514","1482634"
"82852","","TFIT06140514","1482634"
"82852","","TFIT06140514","1482634"
"82852","","TFIT06140514","1482634"
"82852","","TFIT06140514","1482634"
"82852","","TFIT06140514","1482634"
"82852","","TFIT06140514","1482634"
"82852","","TFIT06140514","1482634"
"82852","","TFIT06140514","1482634"
"82852","","TFIT06140514","1482634"
"82852","","TFIT06140514","1482634"
"82852","","TFIT06140514","1482634"
"82852","","TFIT06140514","1482634"
"82852","","TFIT06140514","1482634"
"82852","","TFIT06140514","1482634"
"82852","","TFIT06140514","1482634"
"82852","","TFIT06140514","1482664"
"82852","","TFIT06140514","1482664"
"82852","","TFIT06140514","1482664"
"82852","","TFIT06140514","1482664"
"82852","","TFIT06140514","1482664"
"82852","","TFIT06140514","1482664"
"82852","","TFIT06140514","1482664"
"82852","","TFIT06140514","1482664"
"82852","","TFIT06140514","1482664"
"82852","","TFIT06140514","1482664"
"82852","","TFIT06140514","1482664"
"82852","","TFIT06140514","1482664"
"82852","","TFIT06140514","1482664"
"82852","","TFIT06140514","1482664"
"82852","","TFIT06140514","1482664"
"82852","","TFIT06140514","1482664"
"82852","","TFIT06140514","1482664"
"82852","","TFIT06140514","1482664"
"82852","","TFIT06140514","1482664"
"82852","","TFIT06140514","1482664"
"82852","","TFIT06140514","1482664"
"82852","","TFIT06140514","1482664"
"82852","","TFIT06140514","1482664"
"82852","","TFIT06140514","1482664"
"82852","","TFIT06140514","1482664"
"82852","","TFIT06140514","1482664"
"82852","","TFIT06140514","1482664"
"82852","","TFIT06140514","1482664"
"82852","","TFIT06140514","1482664"
"82852","","TFIT06140514","1482664"
"82852","","TFIT06140514","1482664"
"82852","","TFIT06140514","1482664"
"82852","","TFIT06140514","1482664"
"82852","","TFIT06140514","1482664"
"82852","","TFIT06140514","1482664"
"82852","","TFIT06140514","1482664"
"82852","","TFIT06140514","1482664"
"82852","","TFIT06140514","1482664"
"82852","","TFIT06140514","1482664"
"82852","","TFIT06140514","1482664"
"82852","","TFIT06140514","1482664"
"82852","","TFIT06140514","1482664"
"82852","","TFIT06140514","1482664"
"82852","","TFIT06140514","1482664"
"82852","","TFIT06140514","1482664"
"82852","","TFIT06140514","1482664"
"82852","","TFIT06140514","1482664"
"82852","","TFIT06140514","1482664"
"82852","","TFIT06140514","1482664"
"82852","","TFIT06140514","1482664"
"82852","","TFIT06140514","1482664"
"82852","","TFIT06140514","1482664"
"82852","","TFIT06140514","1482664"
"82852","","TFIT06140514","1482664"
"82852","","TFIT06140514","1482664"
"82852","","TFIT06140514","1482664"
"82852","","TFIT06140514","1482664"
"82852","","TFIT06140514","1482664"
"82852","","TFIT06140514","1482664"
"82852","","TFIT06140514","1482664"
"82852","","TFIT06140514","1482664"
"82852","","TFIT06140514","1482664"
"82852","","TFIT06140514","1482664"
"82852","","TFIT06140514","1482664"
"82852","","TFIT06140514","1482664"
"82852","","TFIT06140514","1482664"
"82852","","TFIT06140514","1482664"
"82852","","TFIT06140514","1482664"
"82852","","TFIT06140514","1482664"
"82852","","TFIT06140514","1482664"
"82852","","TFIT06140514","1482664"
"82852","","TFIT06140514","1482664"
"82852","","TFIT06140514","1482664"
"82852","","TFIT06140514","1482664"
"82852","","TFIT06140514","1482664"
"82852","","TFIT06140514","1482664"
"82852","","TFIT06140514","1482664"
"82852","","TFIT06140514","1482664"
"82852","","TFIT06140514","1482664"
"82852","","TFIT06140514","1482664"
"82852","","TFIT06140514","1482664"
"82852","","TFIT06140514","1482664"
"82852","","TFIT06140514","1482664"
"82852","","TFIT06140514","1482664"
"82852","","TFIT06140514","1482664"
"82852","","TFIT06140514","1482664"
"82852","","TFIT06140514","1482664"
"82852","","TFIT06140514","1482664"
"82852","","TFIT06140514","1482664"
"82852","","TFIT06140514","1482664"
"82852","","TFIT06140514","1482664"
"82852","","TFIT06140514","1482664"
"82852","","TFIT06140514","1482664"
"82852","","TFIT06140514","1482664"
"82852","","TFIT06140514","1482664"
"82852","","TFIT06140514","1482664"
"82852","","TFIT06140514","1482664"
"82852","","TFIT06140514","1482665"
"82852","","TFIT06140514","1482665"
"82852","","TFIT06140514","1482665"
"82852","","TFIT06140514","1482665"
"82852","","TFIT06140514","1482665"
"82852","","TFIT06140514","1482665"
"82852","","TFIT06140514","1482665"
"82852","","TFIT06140514","1482665"
"82852","","TFIT06140514","1482665"
"82852","","TFIT06140514","1482665"
"82852","","TFIT06140514","1482665"
"82852","","TFIT06140514","1482665"
"82852","","TFIT06140514","1482665"
"82852","","TFIT06140514","1482665"
"82852","","TFIT06140514","1482665"
"82852","","TFIT06140514","1482665"
"82852","","TFIT06140514","1482665"
"82852","","TFIT06140514","1482665"
"82852","","TFIT06140514","1482665"
"82852","","TFIT06140514","1482665"
"82852","","TFIT06140514","1482665"
"82852","","TFIT06140514","1482665"
"82852","","TFIT06140514","1482665"
"82852","","TFIT06140514","1482665"
"82852","","TFIT06140514","1482665"
"82852","","TFIT06140514","1482665"
"82852","","TFIT06140514","1482665"
"82852","","TFIT06140514","1482665"
"82852","","TFIT06140514","1482665"
"82852","","TFIT06140514","1482665"
"82852","","TFIT06140514","1482665"
"82852","","TFIT06140514","1482665"
"82852","","TFIT06140514","1482665"
"82852","","TFIT06140514","1482665"
"82852","","TFIT06140514","1482665"
"82852","","TFIT06140514","1482665"
"82852","","TFIT06140514","1482665"
"82852","","TFIT06140514","1482665"
"82852","","TFIT06140514","1482665"
"82852","","TFIT06140514","1482665"
"82852","","TFIT06140514","1482665"
"82852","","TFIT06140514","1482665"
"82852","","TFIT06140514","1482665"
"82852","","TFIT06140514","1482665"
"82852","","TFIT06140514","1482665"
"82852","","TFIT06140514","1482665"
"82852","","TFIT06140514","1482665"
"82852","","TFIT06140514","1482665"
"82852","","TFIT06140514","1482665"
"82852","","TFIT06140514","1482665"
"82852","","TFIT06140514","1482665"
"82852","","TFIT06140514","1482665"
"82852","","TFIT06140514","1482665"
"82852","","TFIT06140514","1482665"
"82852","","TFIT06140514","1482665"
"82852","","TFIT06140514","1482665"
"82852","","TFIT06140514","1482665"
"82852","","TFIT06140514","1482665"
"82852","","TFIT06140514","1482665"
"82852","","TFIT06140514","1482665"
"82852","","TFIT06140514","1482665"
"82852","","TFIT06140514","1482665"
"82852","","TFIT06140514","1482665"
"82852","","TFIT06140514","1482665"
"82852","","TFIT06140514","1482665"
"82852","","TFIT06140514","1482665"
"82852","","TFIT06140514","1482665"
"82852","","TFIT06140514","1482665"
"82852","","TFIT06140514","1482665"
"82852","","TFIT06140514","1482665"
"82852","","TFIT06140514","1482665"
"82852","","TFIT06140514","1482665"
"82852","","TFIT06140514","1482665"
"82852","","TFIT06140514","1482665"
"82852","","TFIT06140514","1482665"
"82852","","TFIT06140514","1482665"
"82852","","TFIT06140514","1482665"
"82852","","TFIT06140514","1482665"
"82852","","TFIT06140514","1482665"
"82852","","TFIT06140514","1482665"
"82852","","TFIT06140514","1482665"
"82852","","TFIT06140514","1482665"
"82852","","TFIT06140514","1482665"
"82852","","TFIT06140514","1482665"
"82852","","TFIT06140514","1482665"
"82852","","TFIT06140514","1482665"
"82852","","TFIT06140514","1482665"
"82852","","TFIT06140514","1482665"
"82852","","TFIT06140514","1482665"
"82852","","TFIT06140514","1482665"
"82852","","TFIT06140514","1482665"
"82852","","TFIT06140514","1482665"
"82852","","TFIT06140514","1482665"
"82852","","TFIT06140514","1482665"
"82852","","TFIT06140514","1482665"
"82852","","TFIT06140514","1482665"
"82852","","TFIT06140514","1482665"
"82852","","TFIT06140514","1482666"
"82852","","TFIT06140514","1482666"
"82852","","TFIT06140514","1482666"
"82852","","TFIT06140514","1482666"
"82852","","TFIT06140514","1482666"
"82852","","TFIT06140514","1482666"
"82852","","TFIT06140514","1482666"
"82852","","TFIT06140514","1482666"
"82852","","TFIT06140514","1482666"
"82852","","TFIT06140514","1482666"
"82852","","TFIT06140514","1482666"
"82852","","TFIT06140514","1482666"
"82852","","TFIT06140514","1482666"
"82852","","TFIT06140514","1482666"
"82852","","TFIT06140514","1482666"
"82852","","TFIT06140514","1482666"
"82852","","TFIT06140514","1482666"
"82852","","TFIT06140514","1482666"
"82852","","TFIT06140514","1482666"
"82852","","TFIT06140514","1482666"
"82852","","TFIT06140514","1482666"
"82852","","TFIT06140514","1482666"
"82852","","TFIT06140514","1482666"
"82852","","TFIT06140514","1482666"
"82852","","TFIT06140514","1482666"
"82852","","TFIT06140514","1482666"
"82852","","TFIT06140514","1482666"
"82852","","TFIT06140514","1482666"
"82852","","TFIT06140514","1482666"
"82852","","TFIT06140514","1482666"
"82852","","TFIT06140514","1482666"
"82852","","TFIT06140514","1482666"
"82852","","TFIT06140514","1482666"
"82852","","TFIT06140514","1482666"
"82852","","TFIT06140514","1482666"
"82852","","TFIT06140514","1482666"
"82852","","TFIT06140514","1482666"
"82852","","TFIT06140514","1482666"
"82852","","TFIT06140514","1482666"
"82852","","TFIT06140514","1482666"
"82852","","TFIT06140514","1482666"
"82852","","TFIT06140514","1482666"
"82852","","TFIT06140514","1482666"
"82852","","TFIT06140514","1482666"
"82852","","TFIT06140514","1482666"
"82852","","TFIT06140514","1482666"
"82852","","TFIT06140514","1482666"
"82852","","TFIT06140514","1482666"
"82852","","TFIT06140514","1482666"
"82852","","TFIT06140514","1482666"
"82852","","TFIT06140514","1482666"
"82852","","TFIT06140514","1482666"
"82852","","TFIT06140514","1482666"
"82852","","TFIT06140514","1482666"
"82852","","TFIT06140514","1482666"
"82852","","TFIT06140514","1482666"
"82852","","TFIT06140514","1482666"
"82852","","TFIT06140514","1482666"
"82852","","TFIT06140514","1482666"
"82852","","TFIT06140514","1482666"
"82852","","TFIT06140514","1482666"
"82852","","TFIT06140514","1482666"
"82852","","TFIT06140514","1482666"
"82852","","TFIT06140514","1482666"
"82852","","TFIT06140514","1482666"
"82852","","TFIT06140514","1482666"
"82852","","TFIT06140514","1482666"
"82852","","TFIT06140514","1482666"
"82852","","TFIT06140514","1482666"
"82852","","TFIT06140514","1482666"
"82852","","TFIT06140514","1482666"
"82852","","TFIT06140514","1482666"
"82852","","TFIT06140514","1482666"
"82852","","TFIT06140514","1482666"
"82852","","TFIT06140514","1482666"
"82852","","TFIT06140514","1482666"
"82852","","TFIT06140514","1482666"
"82852","","TFIT06140514","1482666"
"82852","","TFIT06140514","1482666"
"82852","","TFIT06140514","1482666"
"82852","","TFIT06140514","1482666"
"82852","","TFIT06140514","1482666"
"82852","","TFIT06140514","1482666"
"82852","","TFIT06140514","1482666"
"82852","","TFIT06140514","1482666"
"82852","","TFIT06140514","1482666"
"82852","","TFIT06140514","1482666"
"82852","","TFIT06140514","1482666"
"82852","","TFIT06140514","1482666"
"82852","","TFIT06140514","1482666"
"82852","","TFIT06140514","1482666"
"82852","","TFIT06140514","1482667"
"82852","","TFIT06140514","1482667"
"82852","","TFIT06140514","1482667"
"82852","","TFIT06140514","1482667"
"82852","","TFIT06140514","1482667"
"82852","","TFIT06140514","1482667"
"82852","","TFIT06140514","1482667"
"82852","","TFIT06140514","1482667"
"82852","","TFIT06140514","1482667"
"82852","","TFIT06140514","1482667"
"82852","","TFIT06140514","1482667"
"82852","","TFIT06140514","1482667"
"82852","","TFIT06140514","1482667"
"82852","","TFIT06140514","1482667"
"82852","","TFIT06140514","1482667"
"82852","","TFIT06140514","1482667"
"82852","","TFIT06140514","1482667"
"82852","","TFIT06140514","1482667"
"82852","","TFIT06140514","1482667"
"82852","","TFIT06140514","1482667"
"82852","","TFIT06140514","1482667"
"82852","","TFIT06140514","1482667"
"82852","","TFIT06140514","1482667"
"82852","","TFIT06140514","1482667"
"82852","","TFIT06140514","1482667"
"82852","","TFIT06140514","1482667"
"82852","","TFIT06140514","1482667"
"82852","","TFIT06140514","1482667"
"82852","","TFIT06140514","1482667"
"82852","","TFIT06140514","1482667"
"82852","","TFIT06140514","1482667"
"82852","","TFIT06140514","1482667"
"82852","","TFIT06140514","1482667"
"82852","","TFIT06140514","1482667"
"82852","","TFIT06140514","1482667"
"82852","","TFIT06140514","1482667"
"82852","","TFIT06140514","1482667"
"82852","","TFIT06140514","1482667"
"82852","","TFIT06140514","1482667"
"82852","","TFIT06140514","1482667"
"82852","","TFIT06140514","1482667"
"82852","","TFIT06140514","1482667"
"82852","","TFIT06140514","1482667"
"82852","","TFIT06140514","1482667"
"82852","","TFIT06140514","1482667"
"82852","","TFIT06140514","1482667"
"82852","","TFIT06140514","1482667"
"82852","","TFIT06140514","1482667"
"82852","","TFIT06140514","1482667"
"82852","","TFIT06140514","1482667"
"82852","","TFIT06140514","1482667"
"82852","","TFIT06140514","1482667"
"82852","","TFIT06140514","1482667"
"82852","","TFIT06140514","1482667"
"82852","","TFIT06140514","1482667"
"82852","","TFIT06140514","1482667"
"82852","","TFIT06140514","1482667"
"82852","","TFIT06140514","1482667"
"82852","","TFIT06140514","1482667"
"82852","","TFIT06140514","1482667"
"82852","","TFIT06140514","1482667"
"82852","","TFIT06140514","1482667"
"82852","","TFIT06140514","1482667"
"82852","","TFIT06140514","1482667"
"82852","","TFIT06140514","1482667"
"82852","","TFIT06140514","1482667"
"82852","","TFIT06140514","1482667"
"82852","","TFIT06140514","1482667"
"82852","","TFIT06140514","1482667"
"82852","","TFIT06140514","1482667"
"82852","","TFIT06140514","1482667"
"82852","","TFIT06140514","1482667"
"82852","","TFIT06140514","1482667"
"82852","","TFIT06140514","1482667"
"82852","","TFIT06140514","1482667"
"82852","","TFIT06140514","1482667"
"82852","","TFIT06140514","1482667"
"82852","","TFIT06140514","1482667"
"82852","","TFIT06140514","1482667"
"82852","","TFIT06140514","1482667"
"82852","","TFIT06140514","1482667"
"82852","","TFIT06140514","1482667"
"82852","","TFIT06140514","1482667"
"82852","","TFIT06140514","1482667"
"82852","","TFIT06140514","1482667"
"82852","","TFIT06140514","1482668"
"82852","","TFIT06140514","1482668"
"82852","","TFIT06140514","1482668"
"82852","","TFIT06140514","1482668"
"82852","","TFIT06140514","1482668"
"82852","","TFIT06140514","1482668"
"82852","","TFIT06140514","1482668"
"82852","","TFIT06140514","1482668"
"82852","","TFIT06140514","1482668"
"82852","","TFIT06140514","1482668"
"82852","","TFIT06140514","1482668"
"82852","","TFIT06140514","1482668"
"82852","","TFIT06140514","1482668"
"82852","","TFIT06140514","1482668"
"82852","","TFIT06140514","1482668"
"82852","","TFIT06140514","1482668"
"82852","","TFIT06140514","1482668"
"82852","","TFIT06140514","1482668"
"82852","","TFIT06140514","1482668"
"82852","","TFIT06140514","1482668"
"82852","","TFIT06140514","1482668"
"82852","","TFIT06140514","1482668"
"82852","","TFIT06140514","1482668"
"82852","","TFIT06140514","1482668"
"82852","","TFIT06140514","1482668"
"82852","","TFIT06140514","1482668"
"82852","","TFIT06140514","1482668"
"82852","","TFIT06140514","1482668"
"82852","","TFIT06140514","1482668"
"82852","","TFIT06140514","1482668"
"82852","","TFIT06140514","1482668"
"82852","","TFIT06140514","1482668"
"82852","","TFIT06140514","1482668"
"82852","","TFIT06140514","1482668"
"82852","","TFIT06140514","1482668"
"82852","","TFIT06140514","1482668"
"82852","","TFIT06140514","1482668"
"82852","","TFIT06140514","1482668"
"82852","","TFIT06140514","1482668"
"82852","","TFIT06140514","1482668"
"82852","","TFIT06140514","1482668"
"82852","","TFIT06140514","1482668"
"82852","","TFIT06140514","1482668"
"82852","","TFIT06140514","1482668"
"82852","","TFIT06140514","1482668"
"82852","","TFIT06140514","1482668"
"82852","","TFIT06140514","1482668"
"82852","","TFIT06140514","1482668"
"82852","","TFIT06140514","1482668"
"82852","","TFIT06140514","1482668"
"82852","","TFIT06140514","1482668"
"82852","","TFIT06140514","1482668"
"82852","","TFIT06140514","1482668"
"82852","","TFIT06140514","1482668"
"82852","","TFIT06140514","1482668"
"82852","","TFIT06140514","1482668"
"82852","","TFIT06140514","1482668"
"82852","","TFIT06140514","1482668"
"82852","","TFIT06140514","1482668"
"82852","","TFIT06140514","1482668"
"82852","","TFIT06140514","1482668"
"82852","","TFIT06140514","1482668"
"82852","","TFIT06140514","1482668"
"82852","","TFIT06140514","1482668"
"82852","","TFIT06140514","1482668"
"82852","","TFIT06140514","1482668"
"82852","","TFIT06140514","1482668"
"82852","","TFIT06140514","1482668"
"82852","","TFIT06140514","1482668"
"82852","","TFIT06140514","1482668"
"82852","","TFIT06140514","1482668"
"82852","","TFIT06140514","1482668"
"82852","","TFIT06140514","1482668"
"82852","","TFIT06140514","1482668"
"82852","","TFIT06140514","1482668"
"82852","","TFIT06140514","1482668"
"82852","","TFIT06140514","1482668"
"82852","","TFIT06140514","1482668"
"82852","","TFIT06140514","1482668"
"82852","","TFIT06140514","1482670"
"82852","","TFIT06140514","1482670"
"82852","","TFIT06140514","1482670"
"82852","","TFIT06140514","1482670"
"82852","","TFIT06140514","1482670"
"82852","","TFIT06140514","1482670"
"82852","","TFIT06140514","1482670"
"82852","","TFIT06140514","1482670"
"82852","","TFIT06140514","1482670"
"82852","","TFIT06140514","1482670"
"82852","","TFIT06140514","1482670"
"82852","","TFIT06140514","1482670"
"82852","","TFIT06140514","1482670"
"82852","","TFIT06140514","1482670"
"82852","","TFIT06140514","1482670"
"82852","","TFIT06140514","1482670"
"82852","","TFIT06140514","1482670"
"82852","","TFIT06140514","1482670"
"82852","","TFIT06140514","1482670"
"82852","","TFIT06140514","1482670"
"82852","","TFIT06140514","1482670"
"82852","","TFIT06140514","1482670"
"82852","","TFIT06140514","1482670"
"82852","","TFIT06140514","1482670"
"82852","","TFIT06140514","1482670"
"82852","","TFIT06140514","1482670"
"82852","","TFIT06140514","1482670"
"82852","","TFIT06140514","1482670"
"82852","","TFIT06140514","1482670"
"82852","","TFIT06140514","1482670"
"82852","","TFIT06140514","1482670"
"82852","","TFIT06140514","1482670"
"82852","","TFIT06140514","1482670"
"82852","","TFIT06140514","1482670"
"82852","","TFIT06140514","1482670"
"82852","","TFIT06140514","1482670"
"82852","","TFIT06140514","1482670"
"82852","","TFIT06140514","1482670"
"82852","","TFIT06140514","1482670"
"82852","","TFIT06140514","1482670"
"82852","","TFIT06140514","1482670"
"82852","","TFIT06140514","1482670"
"82852","","TFIT06140514","1482670"
"82852","","TFIT06140514","1482670"
"82852","","TFIT06140514","1482670"
"82852","","TFIT06140514","1482670"
"82852","","TFIT06140514","1482670"
"82852","","TFIT06140514","1482670"
"82852","","TFIT06140514","1482670"
"82852","","TFIT06140514","1482670"
"82852","","TFIT06140514","1482670"
"82852","","TFIT06140514","1482670"
"82852","","TFIT06140514","1482670"
"82852","","TFIT06140514","1482670"
"82852","","TFIT06140514","1482670"
"82852","","TFIT06140514","1482670"
"82852","","TFIT06140514","1482670"
"82852","","TFIT06140514","1482670"
"82852","","TFIT06140514","1482670"
"82852","","TFIT06140514","1482670"
"82852","","TFIT06140514","1482670"
"82852","","TFIT06140514","1482670"
"82852","","TFIT06140514","1482670"
"82852","","TFIT06140514","1482670"
"82852","","TFIT06140514","1482670"
"82852","","TFIT06140514","1482670"
"82852","","TFIT06140514","1482670"
"82852","","TFIT06140514","1482670"
"82852","","TFIT06140514","1482670"
"82852","","TFIT06140514","1482670"
"82852","","TFIT06140514","1482670"
"82852","","TFIT06140514","1482670"
"82852","","TFIT06140514","1482670"
"82852","","TFIT06140514","1482673"
"82852","","TFIT06140514","1482673"
"82852","","TFIT06140514","1482673"
"82852","","TFIT06140514","1482673"
"82852","","TFIT06140514","1482673"
"82852","","TFIT06140514","1482673"
"82852","","TFIT06140514","1482673"
"82852","","TFIT06140514","1482673"
"82852","","TFIT06140514","1482673"
"82852","","TFIT06140514","1482673"
"82852","","TFIT06140514","1482673"
"82852","","TFIT06140514","1482673"
"82852","","TFIT06140514","1482673"
"82852","","TFIT06140514","1482673"
"82852","","TFIT06140514","1482673"
"82852","","TFIT06140514","1482673"
"82852","","TFIT06140514","1482673"
"82852","","TFIT06140514","1482673"
"82852","","TFIT06140514","1482673"
"82852","","TFIT06140514","1482673"
"82852","","TFIT06140514","1482673"
"82852","","TFIT06140514","1482673"
"82852","","TFIT06140514","1482673"
"82852","","TFIT06140514","1482673"
"82852","","TFIT06140514","1482673"
"82852","","TFIT06140514","1482673"
"82852","","TFIT06140514","1482673"
"82852","","TFIT06140514","1482673"
"82852","","TFIT06140514","1482673"
"82852","","TFIT06140514","1482673"
"82852","","TFIT06140514","1482673"
"82852","","TFIT06140514","1482673"
"82852","","TFIT06140514","1482673"
"82852","","TFIT06140514","1482673"
"82852","","TFIT06140514","1482673"
"82852","","TFIT06140514","1482673"
"82852","","TFIT06140514","1482673"
"82852","","TFIT06140514","1482673"
"82852","","TFIT06140514","1482673"
"82852","","TFIT06140514","1482673"
"82852","","TFIT06140514","1482673"
"82852","","TFIT06140514","1482673"
"82852","","TFIT06140514","1482673"
"82852","","TFIT06140514","1482673"
"82852","","TFIT06140514","1482673"
"82852","","TFIT06140514","1482673"
"82852","","TFIT06140514","1482673"
"82852","","TFIT06140514","1482673"
"82852","","TFIT06140514","1482673"
"82852","","TFIT06140514","1482673"
"82852","","TFIT06140514","1482673"
"82852","","TFIT06140514","1482673"
"82852","","TFIT06140514","1482673"
"82852","","TFIT06140514","1482673"
"82852","","TFIT06140514","1482673"
"82852","","TFIT06140514","1482673"
"82852","","TFIT06140514","1482673"
"82852","","TFIT06140514","1482673"
"82852","","TFIT06140514","1482673"
"82852","","TFIT06140514","1482673"
"82852","","TFIT06140514","1482673"
"82852","","TFIT06140514","1482673"
"82852","","TFIT06140514","1482673"
"82852","","TFIT06140514","1482673"
"82852","","TFIT06140514","1482673"
"82852","","TFIT06140514","1482673"
"82852","","TFIT06140514","1482673"
"82852","","TFIT06140514","1482677"
"82852","","TFIT06140514","1482677"
"82852","","TFIT06140514","1482677"
"82852","","TFIT06140514","1482677"
"82852","","TFIT06140514","1482677"
"82852","","TFIT06140514","1482677"
"82852","","TFIT06140514","1482677"
"82852","","TFIT06140514","1482677"
"82852","","TFIT06140514","1482677"
"82852","","TFIT06140514","1482677"
"82852","","TFIT06140514","1482677"
"82852","","TFIT06140514","1482677"
"82852","","TFIT06140514","1482677"
"82852","","TFIT06140514","1482677"
"82852","","TFIT06140514","1482677"
"82852","","TFIT06140514","1482677"
"82852","","TFIT06140514","1482677"
"82852","","TFIT06140514","1482677"
"82852","","TFIT06140514","1482677"
"82852","","TFIT06140514","1482677"
"82852","","TFIT06140514","1482677"
"82852","","TFIT06140514","1482677"
"82852","","TFIT06140514","1482677"
"82852","","TFIT06140514","1482677"
"82852","","TFIT06140514","1482677"
"82852","","TFIT06140514","1482677"
"82852","","TFIT06140514","1482677"
"82852","","TFIT06140514","1482677"
"82852","","TFIT06140514","1482677"
"82852","","TFIT06140514","1482677"
"82852","","TFIT06140514","1482677"
"82852","","TFIT06140514","1482677"
"82852","","TFIT06140514","1482677"
"82852","","TFIT06140514","1482677"
"82852","","TFIT06140514","1482677"
"82852","","TFIT06140514","1482677"
"82852","","TFIT06140514","1482677"
"82852","","TFIT06140514","1482677"
"82852","","TFIT06140514","1482677"
"82852","","TFIT06140514","1482677"
"82852","","TFIT06140514","1482677"
"82852","","TFIT06140514","1482677"
"82852","","TFIT06140514","1482677"
"82852","","TFIT06140514","1482677"
"82852","","TFIT06140514","1482677"
"82852","","TFIT06140514","1482677"
"82852","","TFIT06140514","1482677"
"82852","","TFIT06140514","1482677"
"82852","","TFIT06140514","1482677"
"82852","","TFIT06140514","1482679"
"82852","","TFIT06140514","1482679"
"82852","","TFIT06140514","1482679"
"82852","","TFIT06140514","1482679"
"82852","","TFIT06140514","1482679"
"82852","","TFIT06140514","1482679"
"82852","","TFIT06140514","1482679"
"82852","","TFIT06140514","1482679"
"82852","","TFIT06140514","1482679"
"82852","","TFIT06140514","1482679"
"82852","","TFIT06140514","1482679"
"82852","","TFIT06140514","1482679"
"82852","","TFIT06140514","1482679"
"82852","","TFIT06140514","1482679"
"82852","","TFIT06140514","1482679"
"82852","","TFIT06140514","1482679"
"82852","","TFIT06140514","1482679"
"82852","","TFIT06140514","1482679"
"82852","","TFIT06140514","1482679"
"82852","","TFIT06140514","1482679"
"82852","","TFIT06140514","1482679"
"82852","","TFIT06140514","1482679"
"82852","","TFIT06140514","1482679"
"82852","","TFIT06140514","1482679"
"82852","","TFIT06140514","1482679"
"82852","","TFIT06140514","1482679"
"82852","","TFIT06140514","1482679"
"82852","","TFIT06140514","1482679"
"82852","","TFIT06140514","1482679"
"82852","","TFIT06140514","1482679"
"82852","","TFIT06140514","1482679"
"82852","","TFIT06140514","1482679"
"82852","","TFIT06140514","1482679"
"82852","","TFIT06140514","1482679"
"82852","","TFIT06140514","1482679"
"82852","","TFIT06140514","1482679"
"82852","","TFIT06140514","1482679"
"82852","","TFIT06140514","1482679"
"82852","","TFIT06140514","1482679"
"82852","","TFIT06140514","1482679"
"82852","","TFIT06140514","1482679"
"82852","","TFIT06140514","1482679"
"82852","","TFIT06140514","1482679"
"82852","","TFIT06140514","1482681"
"82852","","TFIT06140514","1482681"
"82852","","TFIT06140514","1482681"
"82852","","TFIT06140514","1482681"
"82852","","TFIT06140514","1482681"
"82852","","TFIT06140514","1482681"
"82852","","TFIT06140514","1482681"
"82852","","TFIT06140514","1482681"
"82852","","TFIT06140514","1482681"
"82852","","TFIT06140514","1482681"
"82852","","TFIT06140514","1482681"
"82852","","TFIT06140514","1482681"
"82852","","TFIT06140514","1482681"
"82852","","TFIT06140514","1482681"
"82852","","TFIT06140514","1482681"
"82852","","TFIT06140514","1482681"
"82852","","TFIT06140514","1482681"
"82852","","TFIT06140514","1482681"
"82852","","TFIT06140514","1482681"
"82852","","TFIT06140514","1482681"
"82852","","TFIT06140514","1482681"
"82852","","TFIT06140514","1482681"
"82852","","TFIT06140514","1482681"
"82852","","TFIT06140514","1482681"
"82852","","TFIT06140514","1482681"
"82852","","TFIT06140514","1482681"
"82852","","TFIT06140514","1482681"
"82852","","TFIT06140514","1482681"
"82852","","TFIT06140514","1482681"
"82852","","TFIT06140514","1482681"
"82852","","TFIT06140514","1482681"
"82852","","TFIT06140514","1482681"
"82852","","TFIT06140514","1482681"
"82852","","TFIT06140514","1482681"
"82852","","TFIT06140514","1482681"
"82852","","TFIT06140514","1482681"
"82852","","TFIT06140514","1482681"
"82852","","TFIT06140514","1482683"
"82852","","TFIT06140514","1482683"
"82852","","TFIT06140514","1482683"
"82852","","TFIT06140514","1482683"
"82852","","TFIT06140514","1482683"
"82852","","TFIT06140514","1482683"
"82852","","TFIT06140514","1482683"
"82852","","TFIT06140514","1482683"
"82852","","TFIT06140514","1482683"
"82852","","TFIT06140514","1482683"
"82852","","TFIT06140514","1482683"
"82852","","TFIT06140514","1482683"
"82852","","TFIT06140514","1482683"
"82852","","TFIT06140514","1482683"
"82852","","TFIT06140514","1482683"
"82852","","TFIT06140514","1482683"
"82852","","TFIT06140514","1482683"
"82852","","TFIT06140514","1482683"
"82852","","TFIT06140514","1482683"
"82852","","TFIT06140514","1482683"
"82852","","TFIT06140514","1482683"
"82852","","TFIT06140514","1482683"
"82852","","TFIT06140514","1482683"
"82852","","TFIT06140514","1482683"
"82852","","TFIT06140514","1482683"
"82852","","TFIT06140514","1482683"
"82852","","TFIT06140514","1482683"
"82852","","TFIT06140514","1482683"
"82852","","TFIT06140514","1482683"
"82852","","TFIT06140514","1482683"
"82852","","TFIT06140514","1482683"
"82852","","TFIT06140514","1482685"
"82852","","TFIT06140514","1482685"
"82852","","TFIT06140514","1482685"
"82852","","TFIT06140514","1482685"
"82852","","TFIT06140514","1482685"
"82852","","TFIT06140514","1482685"
"82852","","TFIT06140514","1482685"
"82852","","TFIT06140514","1482685"
"82852","","TFIT06140514","1482685"
"82852","","TFIT06140514","1482685"
"82852","","TFIT06140514","1482685"
"82852","","TFIT06140514","1482685"
"82852","","TFIT06140514","1482685"
"82852","","TFIT06140514","1482685"
"82852","","TFIT06140514","1482685"
"82852","","TFIT06140514","1482685"
"82852","","TFIT06140514","1482685"
"82852","","TFIT06140514","1482685"
"82852","","TFIT06140514","1482685"
"82852","","TFIT06140514","1482685"
"82852","","TFIT06140514","1482685"
"82852","","TFIT06140514","1482685"
"82852","","TFIT06140514","1482685"
"82852","","TFIT06140514","1482685"
"82852","","TFIT06140514","1482685"
"82852","","TFIT06140514","1482687"
"82852","","TFIT06140514","1482687"
"82852","","TFIT06140514","1482687"
"82852","","TFIT06140514","1482687"
"82852","","TFIT06140514","1482687"
"82852","","TFIT06140514","1482687"
"82852","","TFIT06140514","1482687"
"82852","","TFIT06140514","1482687"
"82852","","TFIT06140514","1482687"
"82852","","TFIT06140514","1482687"
"82852","","TFIT06140514","1482687"
"82852","","TFIT06140514","1482687"
"82852","","TFIT06140514","1482687"
"82852","","TFIT06140514","1482687"
"82852","","TFIT06140514","1482687"
"82852","","TFIT06140514","1482687"
"82852","","TFIT06140514","1482687"
"82852","","TFIT06140514","1482687"
"82852","","TFIT06140514","1482687"
"82852","","TFIT06140514","1482689"
"82852","","TFIT06140514","1482689"
"82852","","TFIT06140514","1482689"
"82852","","TFIT06140514","1482689"
"82852","","TFIT06140514","1482689"
"82852","","TFIT06140514","1482689"
"82852","","TFIT06140514","1482689"
"82852","","TFIT06140514","1482689"
"82852","","TFIT06140514","1482689"
"82852","","TFIT06140514","1482689"
"82852","","TFIT06140514","1482689"
"82852","","TFIT06140514","1482689"
"82852","","TFIT06140514","1482689"
"82852","","TFIT06140514","1482691"
"82852","","TFIT06140514","1482691"
"82852","","TFIT06140514","1482691"
"82852","","TFIT06140514","1482691"
"82852","","TFIT06140514","1482691"
"82852","","TFIT06140514","1482691"
"82852","","TFIT06140514","1482691"
"82852","","TFIT06140514","1482691"
"82852","","TFIT06140514","1482691"
"82852","","TFIT06140514","1482691"
"82852","","TFIT06140514","1482691"
"82852","","TFIT06140514","1482691"
"82852","","TFIT06140514","1482691"
"82852","","ECOPETROL","1482693"
"82852","","ECOPETROL","1482693"
"82852","","ECOPETROL","1482693"
"82852","","ECOPETROL","1482693"
"82852","","ECOPETROL","1482693"
"82852","","ECOPETROL","1482693"
"82852","","ECOPETROL","1482693"
"82852","","TFIT06140514","1482695"
"82852","","TFIT06140514","1482695"
"82852","","TFIT06140514","1482695"
"82852","","TFIT06140514","1482695"
"82852","","TFIT06140514","1482695"
"82852","","TFIT06140514","1482695"
"82852","","TFIT06140514","1482695"
"82852","","TFIT06140514","1482695"
"82852","","TFIT06140514","1482695"
"82852","","TFIT06140514","1482695"
"82852","","TFIT06140514","1482695"
"82852","","TFIT06140514","1482695"
"82852","","TFIT06140514","1482695"
"82852","","TFIT06140514","1482697"
"82852","","TFIT06140514","1482697"
"82852","","TFIT06140514","1482697"
"82852","","TFIT06140514","1482697"
"82852","","TFIT06140514","1482697"
"82852","","TFIT06140514","1482697"
"82852","","TFIT06140514","1482697"
"82852","","TFIT06140514","1482697"
"82852","","TFIT06140514","1482697"
"82852","","TFIT06140514","1482697"
"82852","","TFIT06140514","1482697"
"82852","","TFIT06140514","1482697"
"82852","","TFIT06140514","1482697"
"82852","","TFIT06140514","1482698"
"82852","","TFIT06140514","1482698"
"82852","","TFIT06140514","1482698"
"82852","","TFIT06140514","1482698"
"82852","","TFIT06140514","1482698"
"82852","","TFIT06140514","1482698"
"82852","","TFIT06140514","1482698"
"82852","","TFIT06140514","1482698"
"82852","","TFIT06140514","1482698"
"82852","","TFIT06140514","1482698"
"82852","","TFIT06140514","1482698"
"82852","","TFIT06140514","1482698"
"82852","","TFIT06140514","1482698"
"82852","","TFIT06140514","1482700"
"82852","","TFIT06140514","1482700"
"82852","","TFIT06140514","1482700"
"82852","","TFIT06140514","1482700"
"82852","","TFIT06140514","1482700"
"82852","","TFIT06140514","1482700"
"82852","","TFIT06140514","1482700"
"82852","","TFIT06140514","1482700"
"82852","","TFIT06140514","1482700"
"82852","","TFIT06140514","1482700"
"82852","","TFIT06140514","1482700"
"82852","","TFIT06140514","1482700"
"82852","","TFIT06140514","1482700"
"82852","","TFIT06140514","1482700"
"82852","","TFIT06140514","1482700"
"82852","","TFIT06140514","1482700"
"82852","","TFIT06140514","1482700"
"82852","","TFIT06140514","1482700"
"82852","","TFIT06140514","1482700"
"82852","","TFIT06140514","1482700"
"82852","","TFIT06140514","1482700"
"82852","","TFIT06140514","1482700"
"82852","","TFIT06140514","1482700"
"82852","","TFIT06140514","1482700"
"82852","","TFIT06140514","1482700"
"82852","","TFIT06140514","1482700"
"82852","","TFIT06140514","1482700"
"82852","","TFIT06140514","1482700"
"82852","","TFIT06140514","1482700"
"82852","","TFIT06140514","1482700"
"82852","","TFIT06140514","1482700"
"82852","","TFIT06140514","1482700"
"82852","","TFIT06140514","1482700"
"82852","","TFIT06140514","1482700"
"82852","","TFIT06140514","1482700"
"82852","","TFIT06140514","1482700"
"82852","","TFIT06140514","1482700"
"82852","","TFIT06140514","1482700"
"82852","","TFIT06140514","1482700"
"82852","","TFIT06140514","1482700"
"82852","","TFIT06140514","1482700"
"82852","","TFIT06140514","1482700"
"82852","","TFIT06140514","1482700"
"82852","","TFIT06140514","1482700"
"82852","","TFIT06140514","1482700"
"82852","","TFIT06140514","1482700"
"82852","","TFIT06140514","1482700"
"82852","","TFIT06140514","1482700"
"82852","","TFIT06140514","1482700"
"82852","","TFIT06140514","1482700"
"82852","","TFIT06140514","1482700"
"82852","","TFIT06140514","1482700"
"82852","","TFIT06140514","1482700"
"82852","","TFIT06140514","1482700"
"82852","","TFIT06140514","1482700"
"82852","","TFIT06140514","1482700"
"82852","","TFIT06140514","1482700"
"82852","","TFIT06140514","1482700"
"82852","","TFIT06140514","1482700"
"82852","","TFIT06140514","1482700"
"82852","","TFIT06140514","1482700"
"82852","","ECOPETROL","1482701"
"82852","","ECOPETROL","1482701"
"82852","","ECOPETROL","1482701"
"82852","","ECOPETROL","1482701"
"82852","","ECOPETROL","1482701"
"82852","","ECOPETROL","1482701"
"82852","","ECOPETROL","1482701"
"82852","","ECOPETROL","1482702"
"82852","","ECOPETROL","1482702"
"82852","","ECOPETROL","1482702"
"82852","","ECOPETROL","1482702"
"82852","","ECOPETROL","1482702"
"82852","","ECOPETROL","1482702"
"82852","","ECOPETROL","1482702"
"82852","","ECOPETROL","1482703"
"82852","","ECOPETROL","1482703"
"82852","","ECOPETROL","1482703"
"82852","","ECOPETROL","1482703"
"82852","","ECOPETROL","1482703"
"82852","","ECOPETROL","1482703"
"82852","","ECOPETROL","1482703"
"82852","","ECOPETROL","1482704"
"82852","","ECOPETROL","1482704"
"82852","","ECOPETROL","1482704"
"82852","","ECOPETROL","1482704"
"82852","","ECOPETROL","1482704"
"82852","","ECOPETROL","1482704"
"82852","","ECOPETROL","1482704"
"82852","","ECOPETROL","1482705"
"82852","","ECOPETROL","1482705"
"82852","","ECOPETROL","1482705"
"82852","","ECOPETROL","1482705"
"82852","","ECOPETROL","1482705"
"82852","","ECOPETROL","1482705"
"82852","","ECOPETROL","1482705"
"82852","","ECOPETROL","1482705"
"82852","","ECOPETROL","1482705"
"82852","","ECOPETROL","1482705"
"82852","","ECOPETROL","1482705"
"82852","","ECOPETROL","1482705"
"82852","","ECOPETROL","1482705"
"82852","","ECOPETROL","1482705"
"82852","","ECOPETROL","1482705"
"82852","","ECOPETROL","1482705"
"82852","","ECOPETROL","1482705"
"82852","","ECOPETROL","1482705"
"82852","","ECOPETROL","1482705"
"82852","","ECOPETROL","1482705"
"82852","","ECOPETROL","1482705"
"82852","","TFIT06140514","1482705"
"82852","","TFIT06140514","1482705"
"82852","","TFIT06140514","1482705"
"82852","","TFIT06140514","1482705"
"82852","","TFIT06140514","1482705"
"82852","","TFIT06140514","1482705"
"82852","","TFIT06140514","1482705"
"82852","","TFIT06140514","1482705"
"82852","","TFIT06140514","1482705"
"82852","","TFIT06140514","1482705"
"82852","","TFIT06140514","1482705"
"82852","","TFIT06140514","1482705"
"82852","","TFIT06140514","1482705"
"82852","","ECOPETROL","1482707"
"82852","","ECOPETROL","1482707"
"82852","","ECOPETROL","1482707"
"82852","","ECOPETROL","1482707"
"82852","","ECOPETROL","1482707"
"82852","","ECOPETROL","1482707"
"82852","","ECOPETROL","1482707"
"82852","","TFIT06140514","1482706"
"82852","","TFIT06140514","1482706"
"82852","","TFIT06140514","1482706"
"82852","","TFIT06140514","1482706"
"82852","","TFIT06140514","1482706"
"82852","","TFIT06140514","1482706"
"82852","","TFIT06140514","1482706"
"82852","","TFIT06140514","1482706"
"82852","","TFIT06140514","1482706"
"82852","","TFIT06140514","1482706"
"82852","","TFIT06140514","1482706"
"82852","","TFIT06140514","1482706"
"82852","","TFIT06140514","1482706"
"82852","","TFIT06140514","1482706"
"82852","","TFIT06140514","1482706"
"82852","","TFIT06140514","1482706"
"82852","","TFIT06140514","1482706"
"82852","","TFIT06140514","1482706"
"82852","","TFIT06140514","1482706"
"82852","","TFIT06140514","1482706"
"82852","","TFIT06140514","1482706"
"82852","","TFIT06140514","1482706"
"82852","","TFIT06140514","1482706"
"82852","","TFIT06140514","1482706"
"82852","","TFIT06140514","1482706"
"82852","","TFIT06140514","1482706"
"82852","","TFIT06140514","1482705"
"82852","","TFIT06140514","1482705"
"82852","","TFIT06140514","1482705"
"82852","","TFIT06140514","1482705"
"82852","","TFIT06140514","1482705"
"82852","","TFIT06140514","1482705"
"82852","","TFIT06140514","1482705"
"82852","","TFIT06140514","1482705"
"82852","","TFIT06140514","1482705"
"82852","","TFIT06140514","1482705"
"82852","","TFIT06140514","1482705"
"82852","","TFIT06140514","1482705"
"82852","","TFIT06140514","1482705"
"82852","","TFIT06140514","1482705"
"82852","","TFIT06140514","1482705"
"82852","","TFIT06140514","1482705"
"82852","","TFIT06140514","1482705"
"82852","","TFIT06140514","1482705"
"82852","","TFIT06140514","1482705"
"82852","","TFIT06140514","1482705"
"82852","","TFIT06140514","1482705"
"82852","","TFIT06140514","1482705"
"82852","","TFIT06140514","1482705"
"82852","","TFIT06140514","1482705"
"82852","","TFIT06140514","1482705"
"82852","","TFIT06140514","1482705"
"82852","","TFIT06140514","1482705"
"82852","","TFIT06140514","1482705"
"82852","","TFIT06140514","1482705"
"82852","","TFIT06140514","1482705"
"82852","","TFIT06140514","1482705"
"82852","","TFIT06140514","1482705"
"82852","","TFIT06140514","1482705"
"82852","","TFIT06140514","1482705"
"82852","","TFIT06140514","1482705"
"82852","","TFIT06140514","1482705"
"82852","","TFIT06140514","1482705"
"82852","","TFIT06140514","1482705"
"82852","","TFIT06140514","1482705"
"82852","","TFIT06140514","1482705"
"82852","","TFIT06140514","1482705"
"82852","","TFIT06140514","1482705"
"82852","","TFIT06140514","1482705"
"82852","","TFIT06140514","1482705"
"82852","","TFIT06140514","1482705"
"82852","","TFIT06140514","1482705"
"82852","","TFIT06140514","1482705"
"82852","","TFIT06140514","1482705"
"82852","","TFIT06140514","1482705"
"82852","","TFIT06140514","1482705"
"82852","","TFIT06140514","1482705"
"82852","","TFIT06140514","1482705"
"82852","","TFIT06140514","1482705"
"82852","","TFIT06140514","1482705"
"82852","","TFIT06140514","1482705"
"82852","","TFIT06140514","1482705"
"82852","","TFIT06140514","1482705"
"82852","","TFIT06140514","1482705"
"82852","","TFIT06140514","1482705"
"82852","","TFIT06140514","1482705"
"82852","","TFIT06140514","1482705"
"82852","","TFIT06140514","1482705"
"82852","","TFIT06140514","1482705"
"82852","","TFIT06140514","1482705"
"82852","","TFIT06140514","1482705"
"82852","","TFIT06140514","1482705"
"82852","","TFIT06140514","1482705"
"82852","","TFIT06140514","1482705"
"82852","","TFIT06140514","1482705"
"82852","","TFIT06140514","1482705"
"82852","","TFIT06140514","1482705"
"82852","","TFIT06140514","1482705"
"82852","","TFIT06140514","1482705"
"82852","","TFIT06140514","1482705"
"82852","","TFIT06140514","1482705"
"82852","","TFIT06140514","1482705"
"82852","","TFIT06140514","1482705"
"82852","","TFIT06140514","1482705"
"82852","","TFIT06140514","1482705"
"82852","","TFIT06140514","1482705"
"82852","","TFIT06140514","1482705"
"82852","","TFIT06140514","1482705"
"82852","","TFIT06140514","1482705"
"82852","","TFIT06140514","1482705"
"82852","","TFIT06140514","1482705"
"82852","","TFIT06140514","1482705"
"82852","","TFIT06140514","1482705"
"82852","","TFIT06140514","1482705"
"82852","","TFIT06140514","1482705"
"82852","","TFIT06140514","1482705"
"82852","","TFIT06140514","1482705"
"82852","","TFIT06140514","1482705"
"82852","","TFIT06140514","1482705"
"82852","","TFIT06140514","1482705"
"82852","","TFIT06140514","1482705"
"82852","","TFIT06140514","1482705"
"82852","","TFIT06140514","1482705"
"82852","","TFIT06140514","1482705"
"82852","","TFIT06140514","1482705"
"82852","","TFIT06140514","1482705"
"82852","","TFIT06140514","1482705"
"82852","","TFIT06140514","1482705"
"82852","","TFIT06140514","1482705"
"82852","","TFIT06140514","1482705"
"82852","","TFIT06140514","1482705"
"82852","","TFIT06140514","1482705"
"82852","","TFIT06140514","1482705"
"82852","","TFIT06140514","1482705"
"82852","","TFIT06140514","1482705"
"82852","","TFIT06140514","1482705"
"82852","","TFIT06140514","1482705"
"82852","","TFIT06140514","1482705"
"82852","","TFIT06140514","1482705"
"82852","","TFIT06140514","1482705"
"82852","","TFIT06140514","1482705"
"82852","","TFIT06140514","1482705"
"82852","","TFIT06140514","1482705"
"82852","","TFIT06140514","1482705"
"82852","","TFIT06140514","1482705"
"82852","","TFIT06140514","1482705"
"82852","","ECOPETROL","1482707"
"82852","","ECOPETROL","1482707"
"82852","","ECOPETROL","1482707"
"82852","","ECOPETROL","1482707"
"82852","","ECOPETROL","1482707"
"82852","","ECOPETROL","1482707"
"82852","","ECOPETROL","1482707"
"82852","","ECOPETROL","1482707"
"82852","","ECOPETROL","1482707"
"82852","","ECOPETROL","1482707"
"82852","","ECOPETROL","1482707"
"82852","","ECOPETROL","1482707"
"82852","","ECOPETROL","1482707"
"82852","","ECOPETROL","1482707"
"82852","","ECOPETROL","1482707"
"82852","","ECOPETROL","1482707"
"82852","","ECOPETROL","1482707"
"82852","","ECOPETROL","1482707"
"82852","","ECOPETROL","1482707"
"82852","","ECOPETROL","1482707"
"82852","","ECOPETROL","1482707"
"82852","","ECOPETROL","1482707"
"82852","","ECOPETROL","1482707"
"82852","","ECOPETROL","1482707"
"82852","","ECOPETROL","1482707"
"82852","","ECOPETROL","1482707"
"82852","","ECOPETROL","1482707"
"82852","","ECOPETROL","1482707"
"82852","","ECOPETROL","1482707"
"82852","","ECOPETROL","1482707"
"82852","","ECOPETROL","1482707"
"82852","","ECOPETROL","1482707"
"82852","","ECOPETROL","1482707"
"82852","","ECOPETROL","1482707"
"82852","","ECOPETROL","1482707"
"82852","","ECOPETROL","1482707"
"82852","","ECOPETROL","1482707"
"82852","","ECOPETROL","1482707"
"82852","","ECOPETROL","1482707"
"82852","","ECOPETROL","1482707"
"82852","","ECOPETROL","1482707"
"82852","","ECOPETROL","1482707"
"82852","","ECOPETROL","1482707"
"82852","","ECOPETROL","1482707"
"82852","","ECOPETROL","1482707"
"82852","","ECOPETROL","1482707"
"82852","","ECOPETROL","1482707"
"82852","","ECOPETROL","1482707"
"82852","","ECOPETROL","1482707"
"82852","","ECOPETROL","1482707"
"82852","","ECOPETROL","1482707"
"82852","","ECOPETROL","1482707"
"82852","","ECOPETROL","1482707"
"82852","","ECOPETROL","1482707"
"82852","","ECOPETROL","1482707"
"82852","","ECOPETROL","1482707"
"82852","","ECOPETROL","1482707"
"82852","","ECOPETROL","1482707"
"82852","","ECOPETROL","1482707"
"82852","","ECOPETROL","1482707"
"82852","","ECOPETROL","1482707"
"82852","","ECOPETROL","1482707"
"82852","","ECOPETROL","1482707"
"82852","","ECOPETROL","1482707"
"82852","","ECOPETROL","1482707"
"82852","","ECOPETROL","1482707"
"82852","","ECOPETROL","1482707"
"82852","","ECOPETROL","1482707"
"82852","","ECOPETROL","1482707"
"82852","","ECOPETROL","1482707"
"82852","","ECOPETROL","1482707"
"82852","","ECOPETROL","1482707"
"82852","","TFIT15240720","1482710"
"82852","","TFIT15240720","1482710"
"82852","","TFIT15240720","1482710"
"82852","","TFIT15240720","1482710"
"82852","","TFIT15240720","1482710"
"82852","","TFIT15240720","1482710"
"82852","","TFIT15240720","1482710"
"82852","","TFIT15240720","1482710"
"82852","","TFIT15240720","1482710"
"82852","","TFIT15240720","1482710"
"82852","","TFIT15240720","1482710"
"82852","","TFIT15240720","1482710"
"82852","","TFIT15240720","1482710"
"82852","","TFIT15240720","1482710"
"82852","","TFIT15240720","1482710"
"82852","","TFIT15240720","1482710"
"82852","","TFIT15240720","1482710"
"82852","","TFIT15240720","1482710"
"82852","","TFIT15240720","1482710"
"82852","","TFIT15240720","1482710"
"82852","","TFIT15240720","1482710"
"82852","","TFIT15240720","1482710"
"82852","","TFIT15240720","1482710"
"82852","","TFIT15240720","1482710"
"82852","","TFIT15240720","1482710"
"82852","","TFIT15240720","1482710"
"82852","","TFIT15240720","1482710"
"82852","","TFIT15240720","1482710"
"82852","","TFIT15240720","1482710"
"82852","","TFIT15240720","1482710"
"82852","","TFIT15240720","1482710"
"82852","","TFIT15240720","1482710"
"82852","","TFIT15240720","1482710"
"82852","","TFIT15240720","1482710"
"82852","","TFIT15240720","1482710"
"82852","","TFIT15240720","1482710"
"82852","","TFIT15240720","1482710"
"82852","","TFIT15240720","1482710"
"82852","","TFIT15240720","1482710"
"82852","","TFIT15240720","1482710"
"82852","","TFIT15240720","1482710"
"82852","","TFIT15240720","1482710"
"82852","","TFIT15240720","1482710"
"82852","","TFIT15240720","1482710"
"82852","","TFIT15240720","1482710"
"82852","","TFIT15240720","1482710"
"82852","","TFIT15240720","1482710"
"82852","","TFIT15240720","1482710"
"82852","","TFIT15240720","1482710"
"82852","","TFIT15240720","1482710"
"82852","","TFIT15240720","1482710"
"82852","","TFIT15240720","1482710"
"82852","","TFIT15240720","1482710"
"82852","","TFIT15240720","1482710"
"82852","","TFIT15240720","1482710"
"82852","","ISAGEN","1482711"
"82852","","ISAGEN","1482711"
"82852","","ISAGEN","1482711"
"82852","","ISAGEN","1482711"
"82852","","ISAGEN","1482711"
"82852","","ISAGEN","1482711"
"82852","","ISAGEN","1482711"
"82852","","ISAGEN","1482711"
"82852","","ISAGEN","1482711"
"82852","","ISAGEN","1482711"
"82852","","ISAGEN","1482711"
"82852","","ISAGEN","1482711"
"82852","","ISAGEN","1482711"
"82852","","ISAGEN","1482711"
"82852","","ISAGEN","1482711"
"82852","","ISAGEN","1482711"
"82852","","ISAGEN","1482711"
"82852","","ISAGEN","1482711"
"82852","","TFIT15240720","1482714"
"110000073","C","PFAVAL","1477851"
"110000073","C","PFAVAL","1477851"
"110000073","C","PFAVAL","1477851"
"110000073","C","PFAVAL","1477851"
"110000073","C","PFAVAL","1477851"
"110000073","C","PFAVAL","1477851"
